<?xml version="1.0" encoding="UTF-8"?>
<root>
  <item name="com.trimblemaps.mapsdk.location.modes.CameraMode.Mode">
    <annotation name="androidx.annotation.IntDef">
      <val name="value" val="{com.trimblemaps.mapsdk.location.modes.CameraMode.NONE, com.trimblemaps.mapsdk.location.modes.CameraMode.NONE_COMPASS, com.trimblemaps.mapsdk.location.modes.CameraMode.NONE_GPS, com.trimblemaps.mapsdk.location.modes.CameraMode.TRACKING, com.trimblemaps.mapsdk.location.modes.CameraMode.TRACKING_COMPASS, com.trimblemaps.mapsdk.location.modes.CameraMode.TRACKING_GPS, com.trimblemaps.mapsdk.location.modes.CameraMode.TRACKING_GPS_NORTH}" />
    </annotation>
  </item>
  <item name="com.trimblemaps.mapsdk.location.modes.RenderMode.Mode">
    <annotation name="androidx.annotation.IntDef">
      <val name="value" val="{com.trimblemaps.mapsdk.location.modes.RenderMode.COMPASS, com.trimblemaps.mapsdk.location.modes.RenderMode.GPS, com.trimblemaps.mapsdk.location.modes.RenderMode.NORMAL}" />
    </annotation>
  </item>
</root>

