<?xml version="1.0" encoding="UTF-8"?>
<root>
  <item name="com.trimblemaps.mapsdk.style.light.Light java.lang.String getAnchor()">
    <annotation name="androidx.annotation.StringDef">
      <val name="value" val="{com.trimblemaps.mapsdk.style.layers.Property.ANCHOR_MAP, com.trimblemaps.mapsdk.style.layers.Property.ANCHOR_VIEWPORT}" />
    </annotation>
  </item>
  <item name="com.trimblemaps.mapsdk.style.light.Light void setAnchor(java.lang.String) 0">
    <annotation name="androidx.annotation.StringDef">
      <val name="value" val="{com.trimblemaps.mapsdk.style.layers.Property.ANCHOR_MAP, com.trimblemaps.mapsdk.style.layers.Property.ANCHOR_VIEWPORT}" />
    </annotation>
  </item>
</root>

