<?xml version="1.0" encoding="UTF-8"?>
<root>
  <item name="com.trimblemaps.mapsdk.offline.OfflineRegion void setDownloadState(int) 0">
    <annotation name="androidx.annotation.IntDef">
      <val name="value" val="{com.trimblemaps.mapsdk.offline.OfflineRegion.STATE_INACTIVE, com.trimblemaps.mapsdk.offline.OfflineRegion.STATE_ACTIVE}" />
    </annotation>
  </item>
  <item name="com.trimblemaps.mapsdk.offline.OfflineRegion void setOfflineRegionDownloadState(int) 0">
    <annotation name="androidx.annotation.IntDef">
      <val name="value" val="{com.trimblemaps.mapsdk.offline.OfflineRegion.STATE_INACTIVE, com.trimblemaps.mapsdk.offline.OfflineRegion.STATE_ACTIVE}" />
    </annotation>
  </item>
  <item name="com.trimblemaps.mapsdk.offline.OfflineRegion.DownloadState">
    <annotation name="androidx.annotation.IntDef">
      <val name="value" val="{com.trimblemaps.mapsdk.offline.OfflineRegion.STATE_INACTIVE, com.trimblemaps.mapsdk.offline.OfflineRegion.STATE_ACTIVE}" />
    </annotation>
  </item>
  <item name="com.trimblemaps.mapsdk.offline.OfflineRegionError java.lang.String getReason()">
    <annotation name="androidx.annotation.StringDef">
      <val name="value" val="{com.trimblemaps.mapsdk.offline.OfflineRegionError.REASON_SUCCESS, com.trimblemaps.mapsdk.offline.OfflineRegionError.REASON_NOT_FOUND, com.trimblemaps.mapsdk.offline.OfflineRegionError.REASON_SERVER, com.trimblemaps.mapsdk.offline.OfflineRegionError.REASON_CONNECTION, com.trimblemaps.mapsdk.offline.OfflineRegionError.REASON_OTHER}" />
    </annotation>
  </item>
  <item name="com.trimblemaps.mapsdk.offline.OfflineRegionError reason">
    <annotation name="androidx.annotation.StringDef">
      <val name="value" val="{com.trimblemaps.mapsdk.offline.OfflineRegionError.REASON_SUCCESS, com.trimblemaps.mapsdk.offline.OfflineRegionError.REASON_NOT_FOUND, com.trimblemaps.mapsdk.offline.OfflineRegionError.REASON_SERVER, com.trimblemaps.mapsdk.offline.OfflineRegionError.REASON_CONNECTION, com.trimblemaps.mapsdk.offline.OfflineRegionError.REASON_OTHER}" />
    </annotation>
  </item>
  <item name="com.trimblemaps.mapsdk.offline.OfflineRegionError.ErrorReason">
    <annotation name="androidx.annotation.StringDef">
      <val name="value" val="{com.trimblemaps.mapsdk.offline.OfflineRegionError.REASON_SUCCESS, com.trimblemaps.mapsdk.offline.OfflineRegionError.REASON_NOT_FOUND, com.trimblemaps.mapsdk.offline.OfflineRegionError.REASON_SERVER, com.trimblemaps.mapsdk.offline.OfflineRegionError.REASON_CONNECTION, com.trimblemaps.mapsdk.offline.OfflineRegionError.REASON_OTHER}" />
    </annotation>
  </item>
  <item name="com.trimblemaps.mapsdk.offline.OfflineRegionStatus downloadState">
    <annotation name="androidx.annotation.IntDef">
      <val name="value" val="{com.trimblemaps.mapsdk.offline.OfflineRegion.STATE_INACTIVE, com.trimblemaps.mapsdk.offline.OfflineRegion.STATE_ACTIVE}" />
    </annotation>
  </item>
  <item name="com.trimblemaps.mapsdk.offline.OfflineRegionStatus int getDownloadState()">
    <annotation name="androidx.annotation.IntDef">
      <val name="value" val="{com.trimblemaps.mapsdk.offline.OfflineRegion.STATE_INACTIVE, com.trimblemaps.mapsdk.offline.OfflineRegion.STATE_ACTIVE}" />
    </annotation>
  </item>
</root>

