<?xml version="1.0" encoding="UTF-8"?>
<root>
  <item name="com.trimblemaps.mapsdk.camera.CameraUpdateFactory.ZoomUpdate ZoomUpdate(int) 0">
    <annotation name="androidx.annotation.IntDef">
      <val name="value" val="{com.trimblemaps.mapsdk.camera.CameraUpdateFactory.ZoomUpdate.ZOOM_IN, com.trimblemaps.mapsdk.camera.CameraUpdateFactory.ZoomUpdate.ZOOM_OUT, com.trimblemaps.mapsdk.camera.CameraUpdateFactory.ZoomUpdate.ZOOM_BY, com.trimblemaps.mapsdk.camera.CameraUpdateFactory.ZoomUpdate.ZOOM_TO, com.trimblemaps.mapsdk.camera.CameraUpdateFactory.ZoomUpdate.ZOOM_TO_POINT}" />
    </annotation>
  </item>
  <item name="com.trimblemaps.mapsdk.camera.CameraUpdateFactory.ZoomUpdate ZoomUpdate(int, double) 0">
    <annotation name="androidx.annotation.IntDef">
      <val name="value" val="{com.trimblemaps.mapsdk.camera.CameraUpdateFactory.ZoomUpdate.ZOOM_IN, com.trimblemaps.mapsdk.camera.CameraUpdateFactory.ZoomUpdate.ZOOM_OUT, com.trimblemaps.mapsdk.camera.CameraUpdateFactory.ZoomUpdate.ZOOM_BY, com.trimblemaps.mapsdk.camera.CameraUpdateFactory.ZoomUpdate.ZOOM_TO, com.trimblemaps.mapsdk.camera.CameraUpdateFactory.ZoomUpdate.ZOOM_TO_POINT}" />
    </annotation>
  </item>
  <item name="com.trimblemaps.mapsdk.camera.CameraUpdateFactory.ZoomUpdate int getType()">
    <annotation name="androidx.annotation.IntDef">
      <val name="value" val="{com.trimblemaps.mapsdk.camera.CameraUpdateFactory.ZoomUpdate.ZOOM_IN, com.trimblemaps.mapsdk.camera.CameraUpdateFactory.ZoomUpdate.ZOOM_OUT, com.trimblemaps.mapsdk.camera.CameraUpdateFactory.ZoomUpdate.ZOOM_BY, com.trimblemaps.mapsdk.camera.CameraUpdateFactory.ZoomUpdate.ZOOM_TO, com.trimblemaps.mapsdk.camera.CameraUpdateFactory.ZoomUpdate.ZOOM_TO_POINT}" />
    </annotation>
  </item>
  <item name="com.trimblemaps.mapsdk.camera.CameraUpdateFactory.ZoomUpdate type">
    <annotation name="androidx.annotation.IntDef">
      <val name="value" val="{com.trimblemaps.mapsdk.camera.CameraUpdateFactory.ZoomUpdate.ZOOM_IN, com.trimblemaps.mapsdk.camera.CameraUpdateFactory.ZoomUpdate.ZOOM_OUT, com.trimblemaps.mapsdk.camera.CameraUpdateFactory.ZoomUpdate.ZOOM_BY, com.trimblemaps.mapsdk.camera.CameraUpdateFactory.ZoomUpdate.ZOOM_TO, com.trimblemaps.mapsdk.camera.CameraUpdateFactory.ZoomUpdate.ZOOM_TO_POINT}" />
    </annotation>
  </item>
</root>

