<?xml version="1.0" encoding="UTF-8"?>
<root>
  <item name="com.trimblemaps.mapsdk.maps.CameraChangeDispatcher.CameraChangeHandler void scheduleMessage(int) 0">
    <annotation name="androidx.annotation.IntDef">
      <val name="value" val="{com.trimblemaps.mapsdk.maps.CameraChangeDispatcher.MOVE_STARTED, com.trimblemaps.mapsdk.maps.CameraChangeDispatcher.MOVE, com.trimblemaps.mapsdk.maps.CameraChangeDispatcher.MOVE_CANCELED, com.trimblemaps.mapsdk.maps.CameraChangeDispatcher.IDLE}" />
    </annotation>
  </item>
  <item name="com.trimblemaps.mapsdk.maps.Style.StyleUrl">
    <annotation name="androidx.annotation.StringDef">
      <val name="value" val="{com.trimblemaps.mapsdk.maps.Style.MOBILE_DEFAULT, com.trimblemaps.mapsdk.maps.Style.MOBILE_DAY, com.trimblemaps.mapsdk.maps.Style.MOBILE_NIGHT, com.trimblemaps.mapsdk.maps.Style.MOBILE_SATELLITE, com.trimblemaps.mapsdk.maps.Style.DEFAULT, com.trimblemaps.mapsdk.maps.Style.TRANSPORTATION, com.trimblemaps.mapsdk.maps.Style.SATELLITE, com.trimblemaps.mapsdk.maps.Style.TERRAIN, com.trimblemaps.mapsdk.maps.Style.BASIC, com.trimblemaps.mapsdk.maps.Style.DATALIGHT, com.trimblemaps.mapsdk.maps.Style.DATADARK}" />
    </annotation>
  </item>
  <item name="com.trimblemaps.mapsdk.maps.TrimbleMapsMap void setStyle(java.lang.String) 0">
    <annotation name="androidx.annotation.StringDef">
      <val name="value" val="{com.trimblemaps.mapsdk.maps.Style.MOBILE_DEFAULT, com.trimblemaps.mapsdk.maps.Style.MOBILE_DAY, com.trimblemaps.mapsdk.maps.Style.MOBILE_NIGHT, com.trimblemaps.mapsdk.maps.Style.MOBILE_SATELLITE, com.trimblemaps.mapsdk.maps.Style.DEFAULT, com.trimblemaps.mapsdk.maps.Style.TRANSPORTATION, com.trimblemaps.mapsdk.maps.Style.SATELLITE, com.trimblemaps.mapsdk.maps.Style.TERRAIN, com.trimblemaps.mapsdk.maps.Style.BASIC, com.trimblemaps.mapsdk.maps.Style.DATALIGHT, com.trimblemaps.mapsdk.maps.Style.DATADARK}" />
    </annotation>
  </item>
  <item name="com.trimblemaps.mapsdk.maps.TrimbleMapsMap void setStyle(java.lang.String, com.trimblemaps.mapsdk.maps.Style.OnStyleLoaded) 0">
    <annotation name="androidx.annotation.StringDef">
      <val name="value" val="{com.trimblemaps.mapsdk.maps.Style.MOBILE_DEFAULT, com.trimblemaps.mapsdk.maps.Style.MOBILE_DAY, com.trimblemaps.mapsdk.maps.Style.MOBILE_NIGHT, com.trimblemaps.mapsdk.maps.Style.MOBILE_SATELLITE, com.trimblemaps.mapsdk.maps.Style.DEFAULT, com.trimblemaps.mapsdk.maps.Style.TRANSPORTATION, com.trimblemaps.mapsdk.maps.Style.SATELLITE, com.trimblemaps.mapsdk.maps.Style.TERRAIN, com.trimblemaps.mapsdk.maps.Style.BASIC, com.trimblemaps.mapsdk.maps.Style.DATALIGHT, com.trimblemaps.mapsdk.maps.Style.DATADARK}" />
    </annotation>
  </item>
</root>

