<?xml version="1.0" encoding="UTF-8"?>
<root>
  <item name="com.trimblemaps.mapsdk.location.AnimatorListenerHolder AnimatorListenerHolder(int, com.trimblemaps.mapsdk.location.TrimbleMapsAnimator.AnimationsValueChangeListener) 0">
    <annotation name="androidx.annotation.IntDef">
      <val name="value" val="{com.trimblemaps.mapsdk.location.TrimbleMapsAnimator.ANIMATOR_LAYER_LATLNG, com.trimblemaps.mapsdk.location.TrimbleMapsAnimator.ANIMATOR_CAMERA_LATLNG, com.trimblemaps.mapsdk.location.TrimbleMapsAnimator.ANIMATOR_LAYER_GPS_BEARING, com.trimblemaps.mapsdk.location.TrimbleMapsAnimator.ANIMATOR_LAYER_COMPASS_BEARING, com.trimblemaps.mapsdk.location.TrimbleMapsAnimator.ANIMATOR_CAMERA_GPS_BEARING, com.trimblemaps.mapsdk.location.TrimbleMapsAnimator.ANIMATOR_CAMERA_COMPASS_BEARING, com.trimblemaps.mapsdk.location.TrimbleMapsAnimator.ANIMATOR_LAYER_ACCURACY, com.trimblemaps.mapsdk.location.TrimbleMapsAnimator.ANIMATOR_ZOOM, com.trimblemaps.mapsdk.location.TrimbleMapsAnimator.ANIMATOR_TILT, com.trimblemaps.mapsdk.location.TrimbleMapsAnimator.ANIMATOR_PULSING_CIRCLE, com.trimblemaps.mapsdk.location.TrimbleMapsAnimator.ANIMATOR_PADDING}" />
    </annotation>
  </item>
  <item name="com.trimblemaps.mapsdk.location.AnimatorListenerHolder animatorType">
    <annotation name="androidx.annotation.IntDef">
      <val name="value" val="{com.trimblemaps.mapsdk.location.TrimbleMapsAnimator.ANIMATOR_LAYER_LATLNG, com.trimblemaps.mapsdk.location.TrimbleMapsAnimator.ANIMATOR_CAMERA_LATLNG, com.trimblemaps.mapsdk.location.TrimbleMapsAnimator.ANIMATOR_LAYER_GPS_BEARING, com.trimblemaps.mapsdk.location.TrimbleMapsAnimator.ANIMATOR_LAYER_COMPASS_BEARING, com.trimblemaps.mapsdk.location.TrimbleMapsAnimator.ANIMATOR_CAMERA_GPS_BEARING, com.trimblemaps.mapsdk.location.TrimbleMapsAnimator.ANIMATOR_CAMERA_COMPASS_BEARING, com.trimblemaps.mapsdk.location.TrimbleMapsAnimator.ANIMATOR_LAYER_ACCURACY, com.trimblemaps.mapsdk.location.TrimbleMapsAnimator.ANIMATOR_ZOOM, com.trimblemaps.mapsdk.location.TrimbleMapsAnimator.ANIMATOR_TILT, com.trimblemaps.mapsdk.location.TrimbleMapsAnimator.ANIMATOR_PULSING_CIRCLE, com.trimblemaps.mapsdk.location.TrimbleMapsAnimator.ANIMATOR_PADDING}" />
    </annotation>
  </item>
  <item name="com.trimblemaps.mapsdk.location.AnimatorListenerHolder int getAnimatorType()">
    <annotation name="androidx.annotation.IntDef">
      <val name="value" val="{com.trimblemaps.mapsdk.location.TrimbleMapsAnimator.ANIMATOR_LAYER_LATLNG, com.trimblemaps.mapsdk.location.TrimbleMapsAnimator.ANIMATOR_CAMERA_LATLNG, com.trimblemaps.mapsdk.location.TrimbleMapsAnimator.ANIMATOR_LAYER_GPS_BEARING, com.trimblemaps.mapsdk.location.TrimbleMapsAnimator.ANIMATOR_LAYER_COMPASS_BEARING, com.trimblemaps.mapsdk.location.TrimbleMapsAnimator.ANIMATOR_CAMERA_GPS_BEARING, com.trimblemaps.mapsdk.location.TrimbleMapsAnimator.ANIMATOR_CAMERA_COMPASS_BEARING, com.trimblemaps.mapsdk.location.TrimbleMapsAnimator.ANIMATOR_LAYER_ACCURACY, com.trimblemaps.mapsdk.location.TrimbleMapsAnimator.ANIMATOR_ZOOM, com.trimblemaps.mapsdk.location.TrimbleMapsAnimator.ANIMATOR_TILT, com.trimblemaps.mapsdk.location.TrimbleMapsAnimator.ANIMATOR_PULSING_CIRCLE, com.trimblemaps.mapsdk.location.TrimbleMapsAnimator.ANIMATOR_PADDING}" />
    </annotation>
  </item>
  <item name="com.trimblemaps.mapsdk.location.IndicatorLocationLayerRenderer void addBitmaps(int, android.graphics.Bitmap, android.graphics.Bitmap, android.graphics.Bitmap, android.graphics.Bitmap, android.graphics.Bitmap, android.graphics.Bitmap) 0">
    <annotation name="androidx.annotation.IntDef">
      <val name="value" val="{com.trimblemaps.mapsdk.location.modes.RenderMode.COMPASS, com.trimblemaps.mapsdk.location.modes.RenderMode.GPS, com.trimblemaps.mapsdk.location.modes.RenderMode.NORMAL}" />
    </annotation>
  </item>
  <item name="com.trimblemaps.mapsdk.location.IndicatorLocationLayerRenderer void setImages(int, boolean) 0">
    <annotation name="androidx.annotation.IntDef">
      <val name="value" val="{com.trimblemaps.mapsdk.location.modes.RenderMode.COMPASS, com.trimblemaps.mapsdk.location.modes.RenderMode.GPS, com.trimblemaps.mapsdk.location.modes.RenderMode.NORMAL}" />
    </annotation>
  </item>
  <item name="com.trimblemaps.mapsdk.location.IndicatorLocationLayerRenderer void show(int, boolean) 0">
    <annotation name="androidx.annotation.IntDef">
      <val name="value" val="{com.trimblemaps.mapsdk.location.modes.RenderMode.COMPASS, com.trimblemaps.mapsdk.location.modes.RenderMode.GPS, com.trimblemaps.mapsdk.location.modes.RenderMode.NORMAL}" />
    </annotation>
  </item>
  <item name="com.trimblemaps.mapsdk.location.LocationAnimatorCoordinator void cancelAnimator(int) 0">
    <annotation name="androidx.annotation.IntDef">
      <val name="value" val="{com.trimblemaps.mapsdk.location.TrimbleMapsAnimator.ANIMATOR_LAYER_LATLNG, com.trimblemaps.mapsdk.location.TrimbleMapsAnimator.ANIMATOR_CAMERA_LATLNG, com.trimblemaps.mapsdk.location.TrimbleMapsAnimator.ANIMATOR_LAYER_GPS_BEARING, com.trimblemaps.mapsdk.location.TrimbleMapsAnimator.ANIMATOR_LAYER_COMPASS_BEARING, com.trimblemaps.mapsdk.location.TrimbleMapsAnimator.ANIMATOR_CAMERA_GPS_BEARING, com.trimblemaps.mapsdk.location.TrimbleMapsAnimator.ANIMATOR_CAMERA_COMPASS_BEARING, com.trimblemaps.mapsdk.location.TrimbleMapsAnimator.ANIMATOR_LAYER_ACCURACY, com.trimblemaps.mapsdk.location.TrimbleMapsAnimator.ANIMATOR_ZOOM, com.trimblemaps.mapsdk.location.TrimbleMapsAnimator.ANIMATOR_TILT, com.trimblemaps.mapsdk.location.TrimbleMapsAnimator.ANIMATOR_PULSING_CIRCLE, com.trimblemaps.mapsdk.location.TrimbleMapsAnimator.ANIMATOR_PADDING}" />
    </annotation>
  </item>
  <item name="com.trimblemaps.mapsdk.location.LocationAnimatorCoordinator void createNewCameraAdapterAnimator(int, java.lang.Float[], com.trimblemaps.mapsdk.maps.TrimbleMapsMap.CancelableCallback) 0">
    <annotation name="androidx.annotation.IntDef">
      <val name="value" val="{com.trimblemaps.mapsdk.location.TrimbleMapsAnimator.ANIMATOR_LAYER_LATLNG, com.trimblemaps.mapsdk.location.TrimbleMapsAnimator.ANIMATOR_CAMERA_LATLNG, com.trimblemaps.mapsdk.location.TrimbleMapsAnimator.ANIMATOR_LAYER_GPS_BEARING, com.trimblemaps.mapsdk.location.TrimbleMapsAnimator.ANIMATOR_LAYER_COMPASS_BEARING, com.trimblemaps.mapsdk.location.TrimbleMapsAnimator.ANIMATOR_CAMERA_GPS_BEARING, com.trimblemaps.mapsdk.location.TrimbleMapsAnimator.ANIMATOR_CAMERA_COMPASS_BEARING, com.trimblemaps.mapsdk.location.TrimbleMapsAnimator.ANIMATOR_LAYER_ACCURACY, com.trimblemaps.mapsdk.location.TrimbleMapsAnimator.ANIMATOR_ZOOM, com.trimblemaps.mapsdk.location.TrimbleMapsAnimator.ANIMATOR_TILT, com.trimblemaps.mapsdk.location.TrimbleMapsAnimator.ANIMATOR_PULSING_CIRCLE, com.trimblemaps.mapsdk.location.TrimbleMapsAnimator.ANIMATOR_PADDING}" />
    </annotation>
  </item>
  <item name="com.trimblemaps.mapsdk.location.LocationAnimatorCoordinator void createNewFloatAnimator(int, float, float) 0">
    <annotation name="androidx.annotation.IntDef">
      <val name="value" val="{com.trimblemaps.mapsdk.location.TrimbleMapsAnimator.ANIMATOR_LAYER_LATLNG, com.trimblemaps.mapsdk.location.TrimbleMapsAnimator.ANIMATOR_CAMERA_LATLNG, com.trimblemaps.mapsdk.location.TrimbleMapsAnimator.ANIMATOR_LAYER_GPS_BEARING, com.trimblemaps.mapsdk.location.TrimbleMapsAnimator.ANIMATOR_LAYER_COMPASS_BEARING, com.trimblemaps.mapsdk.location.TrimbleMapsAnimator.ANIMATOR_CAMERA_GPS_BEARING, com.trimblemaps.mapsdk.location.TrimbleMapsAnimator.ANIMATOR_CAMERA_COMPASS_BEARING, com.trimblemaps.mapsdk.location.TrimbleMapsAnimator.ANIMATOR_LAYER_ACCURACY, com.trimblemaps.mapsdk.location.TrimbleMapsAnimator.ANIMATOR_ZOOM, com.trimblemaps.mapsdk.location.TrimbleMapsAnimator.ANIMATOR_TILT, com.trimblemaps.mapsdk.location.TrimbleMapsAnimator.ANIMATOR_PULSING_CIRCLE, com.trimblemaps.mapsdk.location.TrimbleMapsAnimator.ANIMATOR_PADDING}" />
    </annotation>
  </item>
  <item name="com.trimblemaps.mapsdk.location.LocationAnimatorCoordinator void createNewFloatAnimator(int, java.lang.Float[]) 0">
    <annotation name="androidx.annotation.IntDef">
      <val name="value" val="{com.trimblemaps.mapsdk.location.TrimbleMapsAnimator.ANIMATOR_LAYER_LATLNG, com.trimblemaps.mapsdk.location.TrimbleMapsAnimator.ANIMATOR_CAMERA_LATLNG, com.trimblemaps.mapsdk.location.TrimbleMapsAnimator.ANIMATOR_LAYER_GPS_BEARING, com.trimblemaps.mapsdk.location.TrimbleMapsAnimator.ANIMATOR_LAYER_COMPASS_BEARING, com.trimblemaps.mapsdk.location.TrimbleMapsAnimator.ANIMATOR_CAMERA_GPS_BEARING, com.trimblemaps.mapsdk.location.TrimbleMapsAnimator.ANIMATOR_CAMERA_COMPASS_BEARING, com.trimblemaps.mapsdk.location.TrimbleMapsAnimator.ANIMATOR_LAYER_ACCURACY, com.trimblemaps.mapsdk.location.TrimbleMapsAnimator.ANIMATOR_ZOOM, com.trimblemaps.mapsdk.location.TrimbleMapsAnimator.ANIMATOR_TILT, com.trimblemaps.mapsdk.location.TrimbleMapsAnimator.ANIMATOR_PULSING_CIRCLE, com.trimblemaps.mapsdk.location.TrimbleMapsAnimator.ANIMATOR_PADDING}" />
    </annotation>
  </item>
  <item name="com.trimblemaps.mapsdk.location.LocationAnimatorCoordinator void createNewLatLngAnimator(int, com.trimblemaps.mapsdk.geometry.LatLng, com.trimblemaps.mapsdk.geometry.LatLng) 0">
    <annotation name="androidx.annotation.IntDef">
      <val name="value" val="{com.trimblemaps.mapsdk.location.TrimbleMapsAnimator.ANIMATOR_LAYER_LATLNG, com.trimblemaps.mapsdk.location.TrimbleMapsAnimator.ANIMATOR_CAMERA_LATLNG, com.trimblemaps.mapsdk.location.TrimbleMapsAnimator.ANIMATOR_LAYER_GPS_BEARING, com.trimblemaps.mapsdk.location.TrimbleMapsAnimator.ANIMATOR_LAYER_COMPASS_BEARING, com.trimblemaps.mapsdk.location.TrimbleMapsAnimator.ANIMATOR_CAMERA_GPS_BEARING, com.trimblemaps.mapsdk.location.TrimbleMapsAnimator.ANIMATOR_CAMERA_COMPASS_BEARING, com.trimblemaps.mapsdk.location.TrimbleMapsAnimator.ANIMATOR_LAYER_ACCURACY, com.trimblemaps.mapsdk.location.TrimbleMapsAnimator.ANIMATOR_ZOOM, com.trimblemaps.mapsdk.location.TrimbleMapsAnimator.ANIMATOR_TILT, com.trimblemaps.mapsdk.location.TrimbleMapsAnimator.ANIMATOR_PULSING_CIRCLE, com.trimblemaps.mapsdk.location.TrimbleMapsAnimator.ANIMATOR_PADDING}" />
    </annotation>
  </item>
  <item name="com.trimblemaps.mapsdk.location.LocationAnimatorCoordinator void createNewLatLngAnimator(int, com.trimblemaps.mapsdk.geometry.LatLng[]) 0">
    <annotation name="androidx.annotation.IntDef">
      <val name="value" val="{com.trimblemaps.mapsdk.location.TrimbleMapsAnimator.ANIMATOR_LAYER_LATLNG, com.trimblemaps.mapsdk.location.TrimbleMapsAnimator.ANIMATOR_CAMERA_LATLNG, com.trimblemaps.mapsdk.location.TrimbleMapsAnimator.ANIMATOR_LAYER_GPS_BEARING, com.trimblemaps.mapsdk.location.TrimbleMapsAnimator.ANIMATOR_LAYER_COMPASS_BEARING, com.trimblemaps.mapsdk.location.TrimbleMapsAnimator.ANIMATOR_CAMERA_GPS_BEARING, com.trimblemaps.mapsdk.location.TrimbleMapsAnimator.ANIMATOR_CAMERA_COMPASS_BEARING, com.trimblemaps.mapsdk.location.TrimbleMapsAnimator.ANIMATOR_LAYER_ACCURACY, com.trimblemaps.mapsdk.location.TrimbleMapsAnimator.ANIMATOR_ZOOM, com.trimblemaps.mapsdk.location.TrimbleMapsAnimator.ANIMATOR_TILT, com.trimblemaps.mapsdk.location.TrimbleMapsAnimator.ANIMATOR_PULSING_CIRCLE, com.trimblemaps.mapsdk.location.TrimbleMapsAnimator.ANIMATOR_PADDING}" />
    </annotation>
  </item>
  <item name="com.trimblemaps.mapsdk.location.LocationAnimatorCoordinator void createNewPaddingAnimator(int, double[][], com.trimblemaps.mapsdk.maps.TrimbleMapsMap.CancelableCallback) 0">
    <annotation name="androidx.annotation.IntDef">
      <val name="value" val="{com.trimblemaps.mapsdk.location.TrimbleMapsAnimator.ANIMATOR_LAYER_LATLNG, com.trimblemaps.mapsdk.location.TrimbleMapsAnimator.ANIMATOR_CAMERA_LATLNG, com.trimblemaps.mapsdk.location.TrimbleMapsAnimator.ANIMATOR_LAYER_GPS_BEARING, com.trimblemaps.mapsdk.location.TrimbleMapsAnimator.ANIMATOR_LAYER_COMPASS_BEARING, com.trimblemaps.mapsdk.location.TrimbleMapsAnimator.ANIMATOR_CAMERA_GPS_BEARING, com.trimblemaps.mapsdk.location.TrimbleMapsAnimator.ANIMATOR_CAMERA_COMPASS_BEARING, com.trimblemaps.mapsdk.location.TrimbleMapsAnimator.ANIMATOR_LAYER_ACCURACY, com.trimblemaps.mapsdk.location.TrimbleMapsAnimator.ANIMATOR_ZOOM, com.trimblemaps.mapsdk.location.TrimbleMapsAnimator.ANIMATOR_TILT, com.trimblemaps.mapsdk.location.TrimbleMapsAnimator.ANIMATOR_PULSING_CIRCLE, com.trimblemaps.mapsdk.location.TrimbleMapsAnimator.ANIMATOR_PADDING}" />
    </annotation>
  </item>
  <item name="com.trimblemaps.mapsdk.location.LocationAnimatorCoordinator void playAnimators(long, int...) 1">
    <annotation name="androidx.annotation.IntDef">
      <val name="value" val="{com.trimblemaps.mapsdk.location.TrimbleMapsAnimator.ANIMATOR_LAYER_LATLNG, com.trimblemaps.mapsdk.location.TrimbleMapsAnimator.ANIMATOR_CAMERA_LATLNG, com.trimblemaps.mapsdk.location.TrimbleMapsAnimator.ANIMATOR_LAYER_GPS_BEARING, com.trimblemaps.mapsdk.location.TrimbleMapsAnimator.ANIMATOR_LAYER_COMPASS_BEARING, com.trimblemaps.mapsdk.location.TrimbleMapsAnimator.ANIMATOR_CAMERA_GPS_BEARING, com.trimblemaps.mapsdk.location.TrimbleMapsAnimator.ANIMATOR_CAMERA_COMPASS_BEARING, com.trimblemaps.mapsdk.location.TrimbleMapsAnimator.ANIMATOR_LAYER_ACCURACY, com.trimblemaps.mapsdk.location.TrimbleMapsAnimator.ANIMATOR_ZOOM, com.trimblemaps.mapsdk.location.TrimbleMapsAnimator.ANIMATOR_TILT, com.trimblemaps.mapsdk.location.TrimbleMapsAnimator.ANIMATOR_PULSING_CIRCLE, com.trimblemaps.mapsdk.location.TrimbleMapsAnimator.ANIMATOR_PADDING}" />
    </annotation>
  </item>
  <item name="com.trimblemaps.mapsdk.location.LocationCameraController cameraMode">
    <annotation name="androidx.annotation.IntDef">
      <val name="value" val="{com.trimblemaps.mapsdk.location.modes.CameraMode.NONE, com.trimblemaps.mapsdk.location.modes.CameraMode.NONE_COMPASS, com.trimblemaps.mapsdk.location.modes.CameraMode.NONE_GPS, com.trimblemaps.mapsdk.location.modes.CameraMode.TRACKING, com.trimblemaps.mapsdk.location.modes.CameraMode.TRACKING_COMPASS, com.trimblemaps.mapsdk.location.modes.CameraMode.TRACKING_GPS, com.trimblemaps.mapsdk.location.modes.CameraMode.TRACKING_GPS_NORTH}" />
    </annotation>
  </item>
  <item name="com.trimblemaps.mapsdk.location.LocationCameraController void setCameraMode(int) 0">
    <annotation name="androidx.annotation.IntDef">
      <val name="value" val="{com.trimblemaps.mapsdk.location.modes.CameraMode.NONE, com.trimblemaps.mapsdk.location.modes.CameraMode.NONE_COMPASS, com.trimblemaps.mapsdk.location.modes.CameraMode.NONE_GPS, com.trimblemaps.mapsdk.location.modes.CameraMode.TRACKING, com.trimblemaps.mapsdk.location.modes.CameraMode.TRACKING_COMPASS, com.trimblemaps.mapsdk.location.modes.CameraMode.TRACKING_GPS, com.trimblemaps.mapsdk.location.modes.CameraMode.TRACKING_GPS_NORTH}" />
    </annotation>
  </item>
  <item name="com.trimblemaps.mapsdk.location.LocationCameraController void setCameraMode(int, android.location.Location, long, java.lang.Double, java.lang.Double, java.lang.Double, com.trimblemaps.mapsdk.location.OnLocationCameraTransitionListener) 0">
    <annotation name="androidx.annotation.IntDef">
      <val name="value" val="{com.trimblemaps.mapsdk.location.modes.CameraMode.NONE, com.trimblemaps.mapsdk.location.modes.CameraMode.NONE_COMPASS, com.trimblemaps.mapsdk.location.modes.CameraMode.NONE_GPS, com.trimblemaps.mapsdk.location.modes.CameraMode.TRACKING, com.trimblemaps.mapsdk.location.modes.CameraMode.TRACKING_COMPASS, com.trimblemaps.mapsdk.location.modes.CameraMode.TRACKING_GPS, com.trimblemaps.mapsdk.location.modes.CameraMode.TRACKING_GPS_NORTH}" />
    </annotation>
  </item>
  <item name="com.trimblemaps.mapsdk.location.LocationComponent int getCameraMode()">
    <annotation name="androidx.annotation.IntDef">
      <val name="value" val="{com.trimblemaps.mapsdk.location.modes.CameraMode.NONE, com.trimblemaps.mapsdk.location.modes.CameraMode.NONE_COMPASS, com.trimblemaps.mapsdk.location.modes.CameraMode.NONE_GPS, com.trimblemaps.mapsdk.location.modes.CameraMode.TRACKING, com.trimblemaps.mapsdk.location.modes.CameraMode.TRACKING_COMPASS, com.trimblemaps.mapsdk.location.modes.CameraMode.TRACKING_GPS, com.trimblemaps.mapsdk.location.modes.CameraMode.TRACKING_GPS_NORTH}" />
    </annotation>
  </item>
  <item name="com.trimblemaps.mapsdk.location.LocationComponent int getRenderMode()">
    <annotation name="androidx.annotation.IntDef">
      <val name="value" val="{com.trimblemaps.mapsdk.location.modes.RenderMode.COMPASS, com.trimblemaps.mapsdk.location.modes.RenderMode.GPS, com.trimblemaps.mapsdk.location.modes.RenderMode.NORMAL}" />
    </annotation>
  </item>
  <item name="com.trimblemaps.mapsdk.location.LocationComponent void setCameraMode(int) 0">
    <annotation name="androidx.annotation.IntDef">
      <val name="value" val="{com.trimblemaps.mapsdk.location.modes.CameraMode.NONE, com.trimblemaps.mapsdk.location.modes.CameraMode.NONE_COMPASS, com.trimblemaps.mapsdk.location.modes.CameraMode.NONE_GPS, com.trimblemaps.mapsdk.location.modes.CameraMode.TRACKING, com.trimblemaps.mapsdk.location.modes.CameraMode.TRACKING_COMPASS, com.trimblemaps.mapsdk.location.modes.CameraMode.TRACKING_GPS, com.trimblemaps.mapsdk.location.modes.CameraMode.TRACKING_GPS_NORTH}" />
    </annotation>
  </item>
  <item name="com.trimblemaps.mapsdk.location.LocationComponent void setCameraMode(int, com.trimblemaps.mapsdk.location.OnLocationCameraTransitionListener) 0">
    <annotation name="androidx.annotation.IntDef">
      <val name="value" val="{com.trimblemaps.mapsdk.location.modes.CameraMode.NONE, com.trimblemaps.mapsdk.location.modes.CameraMode.NONE_COMPASS, com.trimblemaps.mapsdk.location.modes.CameraMode.NONE_GPS, com.trimblemaps.mapsdk.location.modes.CameraMode.TRACKING, com.trimblemaps.mapsdk.location.modes.CameraMode.TRACKING_COMPASS, com.trimblemaps.mapsdk.location.modes.CameraMode.TRACKING_GPS, com.trimblemaps.mapsdk.location.modes.CameraMode.TRACKING_GPS_NORTH}" />
    </annotation>
  </item>
  <item name="com.trimblemaps.mapsdk.location.LocationComponent void setCameraMode(int, long, java.lang.Double, java.lang.Double, java.lang.Double, com.trimblemaps.mapsdk.location.OnLocationCameraTransitionListener) 0">
    <annotation name="androidx.annotation.IntDef">
      <val name="value" val="{com.trimblemaps.mapsdk.location.modes.CameraMode.NONE, com.trimblemaps.mapsdk.location.modes.CameraMode.NONE_COMPASS, com.trimblemaps.mapsdk.location.modes.CameraMode.NONE_GPS, com.trimblemaps.mapsdk.location.modes.CameraMode.TRACKING, com.trimblemaps.mapsdk.location.modes.CameraMode.TRACKING_COMPASS, com.trimblemaps.mapsdk.location.modes.CameraMode.TRACKING_GPS, com.trimblemaps.mapsdk.location.modes.CameraMode.TRACKING_GPS_NORTH}" />
    </annotation>
  </item>
  <item name="com.trimblemaps.mapsdk.location.LocationComponent void setRenderMode(int) 0">
    <annotation name="androidx.annotation.IntDef">
      <val name="value" val="{com.trimblemaps.mapsdk.location.modes.RenderMode.COMPASS, com.trimblemaps.mapsdk.location.modes.RenderMode.GPS, com.trimblemaps.mapsdk.location.modes.RenderMode.NORMAL}" />
    </annotation>
  </item>
  <item name="com.trimblemaps.mapsdk.location.LocationComponent.CameraTransitionListener void reset(int) 0">
    <annotation name="androidx.annotation.IntDef">
      <val name="value" val="{com.trimblemaps.mapsdk.location.modes.CameraMode.NONE, com.trimblemaps.mapsdk.location.modes.CameraMode.NONE_COMPASS, com.trimblemaps.mapsdk.location.modes.CameraMode.NONE_GPS, com.trimblemaps.mapsdk.location.modes.CameraMode.TRACKING, com.trimblemaps.mapsdk.location.modes.CameraMode.TRACKING_COMPASS, com.trimblemaps.mapsdk.location.modes.CameraMode.TRACKING_GPS, com.trimblemaps.mapsdk.location.modes.CameraMode.TRACKING_GPS_NORTH}" />
    </annotation>
  </item>
  <item name="com.trimblemaps.mapsdk.location.LocationLayerController renderMode">
    <annotation name="androidx.annotation.IntDef">
      <val name="value" val="{com.trimblemaps.mapsdk.location.modes.RenderMode.COMPASS, com.trimblemaps.mapsdk.location.modes.RenderMode.GPS, com.trimblemaps.mapsdk.location.modes.RenderMode.NORMAL}" />
    </annotation>
  </item>
  <item name="com.trimblemaps.mapsdk.location.LocationLayerController void setRenderMode(int) 0">
    <annotation name="androidx.annotation.IntDef">
      <val name="value" val="{com.trimblemaps.mapsdk.location.modes.RenderMode.COMPASS, com.trimblemaps.mapsdk.location.modes.RenderMode.GPS, com.trimblemaps.mapsdk.location.modes.RenderMode.NORMAL}" />
    </annotation>
  </item>
  <item name="com.trimblemaps.mapsdk.location.LocationLayerRenderer void addBitmaps(int, android.graphics.Bitmap, android.graphics.Bitmap, android.graphics.Bitmap, android.graphics.Bitmap, android.graphics.Bitmap, android.graphics.Bitmap) 0">
    <annotation name="androidx.annotation.IntDef">
      <val name="value" val="{com.trimblemaps.mapsdk.location.modes.RenderMode.COMPASS, com.trimblemaps.mapsdk.location.modes.RenderMode.GPS, com.trimblemaps.mapsdk.location.modes.RenderMode.NORMAL}" />
    </annotation>
  </item>
  <item name="com.trimblemaps.mapsdk.location.LocationLayerRenderer void show(int, boolean) 0">
    <annotation name="androidx.annotation.IntDef">
      <val name="value" val="{com.trimblemaps.mapsdk.location.modes.RenderMode.COMPASS, com.trimblemaps.mapsdk.location.modes.RenderMode.GPS, com.trimblemaps.mapsdk.location.modes.RenderMode.NORMAL}" />
    </annotation>
  </item>
  <item name="com.trimblemaps.mapsdk.location.LocationPropertyFactory com.trimblemaps.mapsdk.style.layers.PropertyValue&lt;java.lang.String&gt; visibility(java.lang.String) 0">
    <annotation name="androidx.annotation.StringDef">
      <val name="value" val="{com.trimblemaps.mapsdk.style.layers.Property.VISIBLE, com.trimblemaps.mapsdk.style.layers.Property.NONE}" />
    </annotation>
  </item>
  <item name="com.trimblemaps.mapsdk.location.OnCameraTrackingChangedListener void onCameraTrackingChanged(int) 0">
    <annotation name="androidx.annotation.IntDef">
      <val name="value" val="{com.trimblemaps.mapsdk.location.modes.CameraMode.NONE, com.trimblemaps.mapsdk.location.modes.CameraMode.NONE_COMPASS, com.trimblemaps.mapsdk.location.modes.CameraMode.NONE_GPS, com.trimblemaps.mapsdk.location.modes.CameraMode.TRACKING, com.trimblemaps.mapsdk.location.modes.CameraMode.TRACKING_COMPASS, com.trimblemaps.mapsdk.location.modes.CameraMode.TRACKING_GPS, com.trimblemaps.mapsdk.location.modes.CameraMode.TRACKING_GPS_NORTH}" />
    </annotation>
  </item>
  <item name="com.trimblemaps.mapsdk.location.OnLocationCameraTransitionListener void onLocationCameraTransitionCanceled(int) 0">
    <annotation name="androidx.annotation.IntDef">
      <val name="value" val="{com.trimblemaps.mapsdk.location.modes.CameraMode.NONE, com.trimblemaps.mapsdk.location.modes.CameraMode.NONE_COMPASS, com.trimblemaps.mapsdk.location.modes.CameraMode.NONE_GPS, com.trimblemaps.mapsdk.location.modes.CameraMode.TRACKING, com.trimblemaps.mapsdk.location.modes.CameraMode.TRACKING_COMPASS, com.trimblemaps.mapsdk.location.modes.CameraMode.TRACKING_GPS, com.trimblemaps.mapsdk.location.modes.CameraMode.TRACKING_GPS_NORTH}" />
    </annotation>
  </item>
  <item name="com.trimblemaps.mapsdk.location.OnLocationCameraTransitionListener void onLocationCameraTransitionFinished(int) 0">
    <annotation name="androidx.annotation.IntDef">
      <val name="value" val="{com.trimblemaps.mapsdk.location.modes.CameraMode.NONE, com.trimblemaps.mapsdk.location.modes.CameraMode.NONE_COMPASS, com.trimblemaps.mapsdk.location.modes.CameraMode.NONE_GPS, com.trimblemaps.mapsdk.location.modes.CameraMode.TRACKING, com.trimblemaps.mapsdk.location.modes.CameraMode.TRACKING_COMPASS, com.trimblemaps.mapsdk.location.modes.CameraMode.TRACKING_GPS, com.trimblemaps.mapsdk.location.modes.CameraMode.TRACKING_GPS_NORTH}" />
    </annotation>
  </item>
  <item name="com.trimblemaps.mapsdk.location.OnRenderModeChangedListener void onRenderModeChanged(int) 0">
    <annotation name="androidx.annotation.IntDef">
      <val name="value" val="{com.trimblemaps.mapsdk.location.modes.RenderMode.COMPASS, com.trimblemaps.mapsdk.location.modes.RenderMode.GPS, com.trimblemaps.mapsdk.location.modes.RenderMode.NORMAL}" />
    </annotation>
  </item>
  <item name="com.trimblemaps.mapsdk.location.SymbolLocationLayerRenderer void addBitmaps(int, android.graphics.Bitmap, android.graphics.Bitmap, android.graphics.Bitmap, android.graphics.Bitmap, android.graphics.Bitmap, android.graphics.Bitmap) 0">
    <annotation name="androidx.annotation.IntDef">
      <val name="value" val="{com.trimblemaps.mapsdk.location.modes.RenderMode.COMPASS, com.trimblemaps.mapsdk.location.modes.RenderMode.GPS, com.trimblemaps.mapsdk.location.modes.RenderMode.NORMAL}" />
    </annotation>
  </item>
  <item name="com.trimblemaps.mapsdk.location.SymbolLocationLayerRenderer void show(int, boolean) 0">
    <annotation name="androidx.annotation.IntDef">
      <val name="value" val="{com.trimblemaps.mapsdk.location.modes.RenderMode.COMPASS, com.trimblemaps.mapsdk.location.modes.RenderMode.GPS, com.trimblemaps.mapsdk.location.modes.RenderMode.NORMAL}" />
    </annotation>
  </item>
</root>

